,n,h,timeSpec,timeGen
0,10,0.09090909090909091,0.0,0.0
0,100,0.009900990099009901,0.0,0.0
0,1000,0.000999000999000999,0.0,0.0
0,10000,9.999000099990002e-05,0.015605449676513672,0.031249284744262695
0,100000,9.99990000099999e-06,0.23434829711914062,0.32811927795410156
0,1000000,9.99999000001e-07,1.468674898147583,2.4885637760162354
