,n,h,timeSpec,timeGen
0,10,0.09090909090909091,0.0,0.0
0,100,0.009900990099009901,0.0,0.0010013580322265625
0,1000,0.000999000999000999,0.001998424530029297,0.0019989013671875
0,10000,9.999000099990002e-05,0.005059480667114258,0.032959938049316406
0,100000,9.99990000099999e-06,0.23010611534118652,0.25713396072387695
0,1000000,9.99999000001e-07,2.0402629375457764,2.4248363971710205
0,10000000,9.9999990000001e-08,20.29813838005066,23.899186372756958
